fit,region,reading,frame,band_m,n,mae,rmse,bias,median
unseen,all,meta_v2 raw,all,,10611305,3.71,5.92,-2.63,
unseen,all,meta_v2 raw,by_lidar,0-2,3911127,0.89,3.11,0.18,-0.05
unseen,all,meta_v2 raw,by_lidar,2-5,831407,3.33,4.74,-1.07,-2.41
unseen,all,meta_v2 raw,by_lidar,5-8,660682,4.08,5.03,-2.33,-2.97
unseen,all,meta_v2 raw,by_lidar,8-12,879811,4.6,5.65,-3.1,-3.27
unseen,all,meta_v2 raw,by_lidar,12-16,892507,4.66,5.88,-3.37,-3.26
unseen,all,meta_v2 raw,by_lidar,16-20,878464,4.65,6.04,-3.72,-3.38
unseen,all,meta_v2 raw,by_lidar,20-25,1033626,5.1,6.56,-4.55,-4.14
unseen,all,meta_v2 raw,by_lidar,25-35,1275572,7.45,8.84,-7.21,-6.91
unseen,all,meta_v2 raw,by_lidar,35-999,248109,13.31,16.0,-13.1,-11.99
unseen,all,meta_v2 raw,by_value,0-2,4737994,1.65,3.97,-1.64,-0.25
unseen,all,meta_v2 raw,by_value,2-5,580771,4.61,6.44,-4.15,-3.23
unseen,all,meta_v2 raw,by_value,5-8,659355,4.57,6.09,-3.69,-3.23
unseen,all,meta_v2 raw,by_value,8-12,872408,4.8,6.24,-3.38,-3.27
unseen,all,meta_v2 raw,by_value,12-16,908859,5.05,6.53,-3.45,-3.41
unseen,all,meta_v2 raw,by_value,16-20,1114554,5.62,7.12,-3.71,-3.88
unseen,all,meta_v2 raw,by_value,20-25,1125354,6.03,7.82,-3.28,-3.88
unseen,all,meta_v2 raw,by_value,25-35,547835,6.43,9.03,-2.03,-2.89
unseen,all,meta_v2 raw,by_value,35-999,64175,7.42,9.57,-3.62,-4.21
unseen,all,eth raw,all,,10611305,5.52,7.44,3.6,
unseen,all,eth raw,by_lidar,0-2,3911127,5.83,8.08,5.62,4.67
unseen,all,eth raw,by_lidar,2-5,831407,7.57,9.33,6.9,6.68
unseen,all,eth raw,by_lidar,5-8,660682,6.34,7.89,5.78,5.19
unseen,all,eth raw,by_lidar,8-12,879811,5.37,6.95,4.22,3.72
unseen,all,eth raw,by_lidar,12-16,892507,4.94,6.55,2.89,2.44
unseen,all,eth raw,by_lidar,16-20,878464,4.95,6.3,2.43,2.26
unseen,all,eth raw,by_lidar,20-25,1033626,4.57,5.67,1.82,2.35
unseen,all,eth raw,by_lidar,25-35,1275572,4.0,5.62,-1.43,-0.81
unseen,all,eth raw,by_lidar,35-999,248109,8.17,10.86,-7.44,-6.5
unseen,all,eth raw,by_value,0-2,1370320,1.13,3.12,-0.82,-0.03
unseen,all,eth raw,by_value,2-5,831982,3.43,4.27,2.16,3.0
unseen,all,eth raw,by_value,5-8,1003392,5.28,5.92,3.83,5.0
unseen,all,eth raw,by_value,8-12,1467520,6.56,7.46,5.06,6.77
unseen,all,eth raw,by_value,12-16,1493631,6.85,8.31,5.17,5.17
unseen,all,eth raw,by_value,16-20,1138160,7.06,9.0,4.98,4.16
unseen,all,eth raw,by_value,20-25,1132795,6.43,8.63,3.91,2.93
unseen,all,eth raw,by_value,25-35,2008098,6.23,8.54,4.02,3.34
unseen,all,eth raw,by_value,35-999,165407,7.32,9.85,1.97,1.44
unseen,all,meta_v2 calibrated,all,,10611305,3.13,5.33,-0.59,
unseen,all,meta_v2 calibrated,by_lidar,0-2,3911127,1.11,3.74,0.59,0.18
unseen,all,meta_v2 calibrated,by_lidar,2-5,831407,3.9,5.63,0.44,-2.04
unseen,all,meta_v2 calibrated,by_lidar,5-8,660682,4.11,5.42,0.11,0.34
unseen,all,meta_v2 calibrated,by_lidar,8-12,879811,4.06,5.43,-0.17,0.02
unseen,all,meta_v2 calibrated,by_lidar,12-16,892507,3.96,5.29,-0.11,0.07
unseen,all,meta_v2 calibrated,by_lidar,16-20,878464,3.81,5.12,-0.25,0.15
unseen,all,meta_v2 calibrated,by_lidar,20-25,1033626,3.58,5.04,-0.96,-0.41
unseen,all,meta_v2 calibrated,by_lidar,25-35,1275572,4.67,6.36,-3.81,-3.36
unseen,all,meta_v2 calibrated,by_lidar,35-999,248109,11.22,14.16,-10.93,-9.53
unseen,all,meta_v2 calibrated,by_value,0-2,4567263,1.51,3.73,-1.31,-0.0
unseen,all,meta_v2 calibrated,by_value,2-5,170731,3.55,5.28,-1.3,0.03
unseen,all,meta_v2 calibrated,by_value,5-8,580771,3.49,5.03,-0.84,0.09
unseen,all,meta_v2 calibrated,by_value,8-12,872028,3.59,4.96,-0.4,0.03
unseen,all,meta_v2 calibrated,by_value,12-16,889968,3.88,5.33,-0.03,0.02
unseen,all,meta_v2 calibrated,by_value,16-20,952052,4.15,5.67,0.08,0.1
unseen,all,meta_v2 calibrated,by_value,20-25,1278515,4.63,6.41,-0.02,-0.31
unseen,all,meta_v2 calibrated,by_value,25-35,1218935,5.45,8.16,0.68,-0.01
unseen,all,meta_v2 calibrated,by_value,35-999,81042,7.19,9.66,-1.23,-1.68
unseen,all,eth calibrated,all,,10611305,4.24,6.38,-0.44,
unseen,all,eth calibrated,by_lidar,0-2,3911127,2.42,5.05,2.07,0.13
unseen,all,eth calibrated,by_lidar,2-5,831407,4.46,6.4,2.07,-0.08
unseen,all,eth calibrated,by_lidar,5-8,660682,4.57,5.98,0.3,-1.09
unseen,all,eth calibrated,by_lidar,8-12,879811,5.1,6.34,-0.94,-1.87
unseen,all,eth calibrated,by_lidar,12-16,892507,5.65,6.92,-1.7,-2.22
unseen,all,eth calibrated,by_lidar,16-20,878464,5.44,6.75,-1.53,-1.26
unseen,all,eth calibrated,by_lidar,20-25,1033626,4.42,5.99,-1.7,-0.73
unseen,all,eth calibrated,by_lidar,25-35,1275572,5.53,7.46,-5.03,-4.28
unseen,all,eth calibrated,by_lidar,35-999,248109,11.64,13.87,-11.48,-10.48
unseen,all,eth calibrated,by_value,0-2,3648436,1.79,4.26,-1.48,0.01
unseen,all,eth calibrated,by_value,2-5,883559,4.07,5.62,-1.39,0.15
unseen,all,eth calibrated,by_value,5-8,826877,5.04,6.24,-0.71,-0.26
unseen,all,eth calibrated,by_value,8-12,1044515,5.74,6.92,0.03,-0.4
unseen,all,eth calibrated,by_value,12-16,850551,6.19,7.69,0.93,0.08
unseen,all,eth calibrated,by_value,16-20,803843,5.97,7.77,0.72,-0.31
unseen,all,eth calibrated,by_value,20-25,1268891,5.74,7.7,0.56,-0.31
unseen,all,eth calibrated,by_value,25-35,1217695,5.64,7.81,0.54,0.05
unseen,all,eth calibrated,by_value,35-999,66938,7.85,9.87,-3.97,-4.58
unseen,all,meta_v2 matched,all,,10611305,3.23,5.42,0.01,
unseen,all,meta_v2 matched,by_lidar,0-2,3911127,1.37,3.96,1.15,0.74
unseen,all,meta_v2 matched,by_lidar,2-5,831407,3.61,5.73,0.81,-1.48
unseen,all,meta_v2 matched,by_lidar,5-8,660682,3.9,5.34,0.25,0.31
unseen,all,meta_v2 matched,by_lidar,8-12,879811,3.94,5.37,-0.19,-0.12
unseen,all,meta_v2 matched,by_lidar,12-16,892507,3.97,5.37,-0.2,-0.2
unseen,all,meta_v2 matched,by_lidar,16-20,878464,4.04,5.44,-0.19,-0.05
unseen,all,meta_v2 matched,by_lidar,20-25,1033626,4.21,5.66,-0.36,-0.15
unseen,all,meta_v2 matched,by_lidar,25-35,1275572,4.88,6.57,-2.1,-1.87
unseen,all,meta_v2 matched,by_lidar,35-999,248109,8.8,12.53,-6.85,-5.56
unseen,all,meta_v2 matched,by_value,0-2,4567263,1.59,3.58,-0.75,0.57
unseen,all,meta_v2 matched,by_value,2-5,170731,3.54,5.25,-1.2,0.14
unseen,all,meta_v2 matched,by_value,5-8,586728,3.49,5.02,-0.87,0.05
unseen,all,meta_v2 matched,by_value,8-12,913603,3.57,4.96,-0.61,-0.22
unseen,all,meta_v2 matched,by_value,12-16,842436,3.9,5.35,-0.19,-0.1
unseen,all,meta_v2 matched,by_value,16-20,952052,4.13,5.66,-0.11,-0.11
unseen,all,meta_v2 matched,by_value,20-25,1071126,4.57,6.3,0.27,0.03
unseen,all,meta_v2 matched,by_value,25-35,1242622,5.52,8.2,2.65,1.92
unseen,all,meta_v2 matched,by_value,35-999,264744,7.83,10.76,5.35,4.91
unseen,all,blend,all,,10611305,2.95,4.92,-0.61,
unseen,all,blend,by_lidar,0-2,3911127,1.18,3.48,0.8,0.18
unseen,all,blend,by_lidar,2-5,831407,3.45,4.99,0.69,-1.3
unseen,all,blend,by_lidar,5-8,660682,3.75,4.89,0.22,0.34
unseen,all,blend,by_lidar,8-12,879811,3.67,4.9,-0.2,-0.0
unseen,all,blend,by_lidar,12-16,892507,3.53,4.75,-0.35,-0.24
unseen,all,blend,by_lidar,16-20,878464,3.39,4.55,-0.52,-0.31
unseen,all,blend,by_lidar,20-25,1033626,3.13,4.39,-1.18,-0.79
unseen,all,blend,by_lidar,25-35,1275572,4.66,6.05,-4.23,-3.87
unseen,all,blend,by_lidar,35-999,248109,11.29,13.8,-11.13,-9.81
unseen,all,blend,by_value,0-2,4395686,1.33,3.2,-0.88,0.14
unseen,all,blend,by_value,2-5,318308,3.45,5.36,-1.11,0.49
unseen,all,blend,by_value,5-8,606405,3.23,4.46,-0.47,0.16
unseen,all,blend,by_value,8-12,903098,3.41,4.61,0.01,0.14
unseen,all,blend,by_value,12-16,918636,3.62,4.99,-0.01,-0.13
unseen,all,blend,by_value,16-20,943469,4.15,5.79,0.0,-0.29
unseen,all,blend,by_value,20-25,1390930,4.39,6.09,-0.48,-0.86
unseen,all,blend,by_value,25-35,1074272,5.15,7.5,-0.95,-1.38
unseen,all,blend,by_value,35-999,60501,7.51,9.44,-4.48,-4.95
unseen,all,table,all,,10611305,3.03,5.12,-0.45,
unseen,all,table,by_lidar,0-2,3911127,1.13,3.58,0.68,0.06
unseen,all,table,by_lidar,2-5,831407,3.56,5.21,0.58,-1.54
unseen,all,table,by_lidar,5-8,660682,3.91,5.11,0.18,0.35
unseen,all,table,by_lidar,8-12,879811,3.94,5.22,-0.18,-0.14
unseen,all,table,by_lidar,12-16,892507,3.86,5.17,-0.22,-0.14
unseen,all,table,by_lidar,16-20,878464,3.79,5.0,-0.16,0.02
unseen,all,table,by_lidar,20-25,1033626,3.46,4.74,-0.51,-0.09
unseen,all,table,by_lidar,25-35,1275572,4.33,5.92,-3.24,-2.9
unseen,all,table,by_lidar,35-999,248109,11.57,14.21,-11.35,-9.78
unseen,all,table,by_value,0-2,4451766,1.35,3.32,-1.04,0.0
unseen,all,table,by_value,2-5,317237,3.95,6.33,-2.02,-0.26
unseen,all,table,by_value,5-8,516127,3.22,4.46,-0.6,0.06
unseen,all,table,by_value,8-12,860519,3.47,4.65,-0.21,-0.0
unseen,all,table,by_value,12-16,940832,3.69,4.99,0.19,0.06
unseen,all,table,by_value,16-20,796122,4.2,5.75,0.23,0.02
unseen,all,table,by_value,20-25,1254888,4.4,6.09,0.16,-0.14
unseen,all,table,by_value,25-35,1431276,5.32,7.77,0.13,-0.12
unseen,all,table,by_value,35-999,42538,7.48,10.09,6.58,6.0
unseen,allegheny-highlands-bath-and-alleghany-counties-va-103ef5,meta_v2 raw,all,,351533,5.16,6.78,-4.79,
unseen,allegheny-highlands-bath-and-alleghany-counties-va-103ef5,eth raw,all,,351533,5.81,7.31,4.14,
unseen,allegheny-highlands-bath-and-alleghany-counties-va-103ef5,meta_v2 calibrated,all,,351533,3.49,5.04,-1.55,
unseen,allegheny-highlands-bath-and-alleghany-counties-va-103ef5,eth calibrated,all,,351533,4.62,6.11,0.59,
unseen,allegheny-highlands-bath-and-alleghany-counties-va-103ef5,meta_v2 matched,all,,351533,3.63,5.1,-0.32,
unseen,allegheny-highlands-bath-and-alleghany-counties-va-103ef5,blend,all,,351533,3.38,4.69,-0.93,
unseen,allegheny-highlands-bath-and-alleghany-counties-va-103ef5,table,all,,351533,3.53,4.8,0.39,
unseen,alsace-plain-the-vineyard-foothills-and-strasbourg-s-western-edge-e4b481,meta_v2 raw,all,,308554,5.01,7.87,-4.3,
unseen,alsace-plain-the-vineyard-foothills-and-strasbourg-s-western-edge-e4b481,eth raw,all,,308554,4.23,5.97,1.15,
unseen,alsace-plain-the-vineyard-foothills-and-strasbourg-s-western-edge-e4b481,meta_v2 calibrated,all,,308554,3.81,6.41,-2.25,
unseen,alsace-plain-the-vineyard-foothills-and-strasbourg-s-western-edge-e4b481,eth calibrated,all,,308554,4.0,6.11,-2.05,
unseen,alsace-plain-the-vineyard-foothills-and-strasbourg-s-western-edge-e4b481,meta_v2 matched,all,,308554,4.02,6.53,-1.57,
unseen,alsace-plain-the-vineyard-foothills-and-strasbourg-s-western-edge-e4b481,blend,all,,308554,3.56,5.77,-2.27,
unseen,alsace-plain-the-vineyard-foothills-and-strasbourg-s-western-edge-e4b481,table,all,,308554,3.44,5.63,-1.99,
unseen,alutaguse-peipus-basin-f1e5be,meta_v2 raw,all,,358060,3.06,4.64,-1.88,
unseen,alutaguse-peipus-basin-f1e5be,eth raw,all,,358060,4.34,5.78,1.68,
unseen,alutaguse-peipus-basin-f1e5be,meta_v2 calibrated,all,,358060,2.96,4.55,0.76,
unseen,alutaguse-peipus-basin-f1e5be,eth calibrated,all,,358060,4.39,6.13,-2.44,
unseen,alutaguse-peipus-basin-f1e5be,meta_v2 matched,all,,358060,3.08,4.74,1.1,
unseen,alutaguse-peipus-basin-f1e5be,blend,all,,358060,2.59,3.96,-0.08,
unseen,alutaguse-peipus-basin-f1e5be,table,all,,358060,2.72,4.13,-0.02,
unseen,bia-owie-a-margin-265344,meta_v2 raw,all,,353834,6.82,8.25,-6.49,
unseen,bia-owie-a-margin-265344,eth raw,all,,353834,4.4,5.86,1.93,
unseen,bia-owie-a-margin-265344,meta_v2 calibrated,all,,353834,4.6,5.95,-3.83,
unseen,bia-owie-a-margin-265344,eth calibrated,all,,353834,4.26,5.74,-1.93,
unseen,bia-owie-a-margin-265344,meta_v2 matched,all,,353834,4.37,5.69,-3.27,
unseen,bia-owie-a-margin-265344,blend,all,,353834,4.18,5.41,-3.25,
unseen,bia-owie-a-margin-265344,table,all,,353834,3.81,5.11,-2.68,
unseen,bordeaux-and-its-vineyards-07f621,meta_v2 raw,all,,302213,3.54,4.96,-2.53,
unseen,bordeaux-and-its-vineyards-07f621,eth raw,all,,302213,5.47,6.95,4.15,
unseen,bordeaux-and-its-vineyards-07f621,meta_v2 calibrated,all,,302213,2.7,4.42,-0.52,
unseen,bordeaux-and-its-vineyards-07f621,eth calibrated,all,,302213,4.04,5.44,-0.77,
unseen,bordeaux-and-its-vineyards-07f621,meta_v2 matched,all,,302213,2.73,4.47,-0.22,
unseen,bordeaux-and-its-vineyards-07f621,blend,all,,302213,2.6,4.07,-0.78,
unseen,bordeaux-and-its-vineyards-07f621,table,all,,302213,2.67,4.19,-0.75,
unseen,camargue-e47d64,meta_v2 raw,all,,309703,1.56,2.69,-1.3,
unseen,camargue-e47d64,eth raw,all,,309703,5.07,6.17,4.35,
unseen,camargue-e47d64,meta_v2 calibrated,all,,309703,1.46,2.48,-0.13,
unseen,camargue-e47d64,eth calibrated,all,,309703,2.26,3.71,-0.35,
unseen,camargue-e47d64,meta_v2 matched,all,,309703,1.52,2.39,0.24,
unseen,camargue-e47d64,blend,all,,309703,1.36,2.28,-0.18,
unseen,camargue-e47d64,table,all,,309703,1.39,2.35,-0.29,
unseen,chihuahuan-jornada-del-muerto-e84df1,meta_v2 raw,all,,363728,0.83,1.15,-0.83,
unseen,chihuahuan-jornada-del-muerto-e84df1,eth raw,all,,363728,0.83,1.15,-0.83,
unseen,chihuahuan-jornada-del-muerto-e84df1,meta_v2 calibrated,all,,363728,0.79,1.03,-0.63,
unseen,chihuahuan-jornada-del-muerto-e84df1,eth calibrated,all,,363728,0.82,1.1,-0.77,
unseen,chihuahuan-jornada-del-muerto-e84df1,meta_v2 matched,all,,363728,0.66,0.81,-0.05,
unseen,chihuahuan-jornada-del-muerto-e84df1,blend,all,,363728,0.8,1.06,-0.68,
unseen,chihuahuan-jornada-del-muerto-e84df1,table,all,,363728,0.82,1.11,-0.78,
unseen,clarke-and-monroe-counties-alabama-96a9c8,meta_v2 raw,all,,363981,5.13,6.54,-4.98,
unseen,clarke-and-monroe-counties-alabama-96a9c8,eth raw,all,,363981,5.08,6.68,1.72,
unseen,clarke-and-monroe-counties-alabama-96a9c8,meta_v2 calibrated,all,,363981,3.13,4.72,-1.92,
unseen,clarke-and-monroe-counties-alabama-96a9c8,eth calibrated,all,,363981,4.99,6.8,-2.19,
unseen,clarke-and-monroe-counties-alabama-96a9c8,meta_v2 matched,all,,363981,3.34,4.91,-1.28,
unseen,clarke-and-monroe-counties-alabama-96a9c8,blend,all,,363981,3.2,4.66,-2.19,
unseen,clarke-and-monroe-counties-alabama-96a9c8,table,all,,363981,3.2,4.73,-1.7,
unseen,cross-timbers-central-oklahoma-60dccd,meta_v2 raw,all,,148136,2.4,3.88,-1.85,
unseen,cross-timbers-central-oklahoma-60dccd,eth raw,all,,148136,4.83,5.85,4.04,
unseen,cross-timbers-central-oklahoma-60dccd,meta_v2 calibrated,all,,148136,2.78,3.93,0.61,
unseen,cross-timbers-central-oklahoma-60dccd,eth calibrated,all,,148136,3.19,4.41,-1.19,
unseen,cross-timbers-central-oklahoma-60dccd,meta_v2 matched,all,,148136,2.7,3.76,0.63,
unseen,cross-timbers-central-oklahoma-60dccd,blend,all,,148136,2.33,3.44,0.17,
unseen,cross-timbers-central-oklahoma-60dccd,table,all,,148136,2.44,3.6,0.18,
unseen,denver-454b4b,meta_v2 raw,all,,76278,1.02,3.24,-1.02,
unseen,denver-454b4b,eth raw,all,,76278,1.49,3.48,0.34,
unseen,denver-454b4b,meta_v2 calibrated,all,,76278,1.03,2.92,-0.62,
unseen,denver-454b4b,eth calibrated,all,,76278,1.27,3.56,-0.88,
unseen,denver-454b4b,meta_v2 matched,all,,76278,1.39,2.89,-0.1,
unseen,denver-454b4b,blend,all,,76278,1.02,2.94,-0.67,
unseen,denver-454b4b,table,all,,76278,1.0,3.0,-0.76,
unseen,glaciated-till-plains-central-ohio-a90da8,meta_v2 raw,all,,77217,1.93,4.88,-1.37,
unseen,glaciated-till-plains-central-ohio-a90da8,eth raw,all,,77217,4.2,6.44,3.04,
unseen,glaciated-till-plains-central-ohio-a90da8,meta_v2 calibrated,all,,77217,1.98,4.78,-0.42,
unseen,glaciated-till-plains-central-ohio-a90da8,eth calibrated,all,,77217,2.6,5.08,-0.04,
unseen,glaciated-till-plains-central-ohio-a90da8,meta_v2 matched,all,,77217,2.39,4.8,0.15,
unseen,glaciated-till-plains-central-ohio-a90da8,blend,all,,77217,1.9,4.42,-0.44,
unseen,glaciated-till-plains-central-ohio-a90da8,table,all,,77217,1.87,4.51,-0.47,
unseen,great-basin-ruby-mountains-d3591e,meta_v2 raw,all,,38974,3.97,6.2,-1.22,
unseen,great-basin-ruby-mountains-d3591e,eth raw,all,,38974,4.85,7.29,0.6,
unseen,great-basin-ruby-mountains-d3591e,meta_v2 calibrated,all,,38974,4.16,6.61,0.3,
unseen,great-basin-ruby-mountains-d3591e,eth calibrated,all,,38974,4.07,6.59,-1.53,
unseen,great-basin-ruby-mountains-d3591e,meta_v2 matched,all,,38974,4.18,6.45,0.57,
unseen,great-basin-ruby-mountains-d3591e,blend,all,,38974,3.94,6.2,0.13,
unseen,great-basin-ruby-mountains-d3591e,table,all,,38974,3.97,6.25,-0.12,
unseen,green-ridge-state-forest-allegany-county-md-01d301,meta_v2 raw,all,,158122,5.14,6.53,-2.43,
unseen,green-ridge-state-forest-allegany-county-md-01d301,eth raw,all,,158122,9.53,11.13,9.33,
unseen,green-ridge-state-forest-allegany-county-md-01d301,meta_v2 calibrated,all,,158122,4.47,6.23,0.56,
unseen,green-ridge-state-forest-allegany-county-md-01d301,eth calibrated,all,,158122,6.53,8.38,5.65,
unseen,green-ridge-state-forest-allegany-county-md-01d301,meta_v2 matched,all,,158122,4.92,6.79,1.25,
unseen,green-ridge-state-forest-allegany-county-md-01d301,blend,all,,158122,4.29,6.02,2.0,
unseen,green-ridge-state-forest-allegany-county-md-01d301,table,all,,158122,4.84,6.77,3.02,
unseen,harz-3023b3,meta_v2 raw,all,,685118,5.57,8.45,-1.03,
unseen,harz-3023b3,eth raw,all,,685118,6.23,9.15,2.21,
unseen,harz-3023b3,meta_v2 calibrated,all,,685118,4.96,8.67,1.37,
unseen,harz-3023b3,eth calibrated,all,,685118,5.93,9.08,-1.39,
unseen,harz-3023b3,meta_v2 matched,all,,685118,5.22,9.32,2.35,
unseen,harz-3023b3,blend,all,,685118,4.71,7.85,0.49,
unseen,harz-3023b3,table,all,,685118,4.8,8.19,0.88,
unseen,high-tatras-ff8690,meta_v2 raw,all,,213051,4.5,6.47,-3.81,
unseen,high-tatras-ff8690,eth raw,all,,213051,7.9,9.45,6.45,
unseen,high-tatras-ff8690,meta_v2 calibrated,all,,213051,3.34,5.18,-1.77,
unseen,high-tatras-ff8690,eth calibrated,all,,213051,5.31,7.21,1.85,
unseen,high-tatras-ff8690,meta_v2 matched,all,,213051,3.4,5.14,-1.37,
unseen,high-tatras-ff8690,blend,all,,213051,3.06,4.64,-0.97,
unseen,high-tatras-ff8690,table,all,,213051,2.99,4.64,-0.75,
unseen,hohe-tauern-0e8575,meta_v2 raw,all,,314186,3.27,6.07,-2.46,
unseen,hohe-tauern-0e8575,eth raw,all,,314186,10.63,12.09,10.1,
unseen,hohe-tauern-0e8575,meta_v2 calibrated,all,,314186,2.66,5.34,-1.07,
unseen,hohe-tauern-0e8575,eth calibrated,all,,314186,6.67,8.71,5.43,
unseen,hohe-tauern-0e8575,meta_v2 matched,all,,314186,2.89,5.52,-0.4,
unseen,hohe-tauern-0e8575,blend,all,,314186,2.74,4.82,0.33,
unseen,hohe-tauern-0e8575,table,all,,314186,2.74,4.94,0.5,
unseen,houston-e9e8d5,meta_v2 raw,all,,169450,4.3,6.79,-3.5,
unseen,houston-e9e8d5,eth raw,all,,169450,4.4,6.01,1.6,
unseen,houston-e9e8d5,meta_v2 calibrated,all,,169450,4.3,6.52,-0.99,
unseen,houston-e9e8d5,eth calibrated,all,,169450,4.97,6.74,-3.5,
unseen,houston-e9e8d5,meta_v2 matched,all,,169450,4.29,6.45,-0.85,
unseen,houston-e9e8d5,blend,all,,169450,3.64,5.97,-1.81,
unseen,houston-e9e8d5,table,all,,169450,3.76,6.08,-1.8,
unseen,innviertel-around-ried-ac884e,meta_v2 raw,all,,351750,1.62,3.86,-0.98,
unseen,innviertel-around-ried-ac884e,eth raw,all,,351750,5.16,6.56,3.79,
unseen,innviertel-around-ried-ac884e,meta_v2 calibrated,all,,351750,1.69,3.77,0.13,
unseen,innviertel-around-ried-ac884e,eth calibrated,all,,351750,2.75,5.0,-0.28,
unseen,innviertel-around-ried-ac884e,meta_v2 matched,all,,351750,2.15,3.99,0.8,
unseen,innviertel-around-ried-ac884e,blend,all,,351750,1.75,3.64,-0.07,
unseen,innviertel-around-ried-ac884e,table,all,,351750,1.7,3.74,-0.05,
unseen,interior-alaska-fairbanks-2b0fd0,meta_v2 raw,all,,310928,2.86,4.31,-0.72,
unseen,interior-alaska-fairbanks-2b0fd0,eth raw,all,,310928,4.94,6.35,1.32,
unseen,interior-alaska-fairbanks-2b0fd0,meta_v2 calibrated,all,,310928,3.55,5.05,1.59,
unseen,interior-alaska-fairbanks-2b0fd0,eth calibrated,all,,310928,4.15,6.25,-2.68,
unseen,interior-alaska-fairbanks-2b0fd0,meta_v2 matched,all,,310928,3.58,5.02,1.75,
unseen,interior-alaska-fairbanks-2b0fd0,blend,all,,310928,3.1,4.36,0.97,
unseen,interior-alaska-fairbanks-2b0fd0,table,all,,310928,3.31,4.81,0.48,
unseen,landes-de-gascogne-260cd5,meta_v2 raw,all,,336851,4.61,5.63,-4.13,
unseen,landes-de-gascogne-260cd5,eth raw,all,,336851,3.19,4.5,1.86,
unseen,landes-de-gascogne-260cd5,meta_v2 calibrated,all,,336851,3.69,4.88,-2.92,
unseen,landes-de-gascogne-260cd5,eth calibrated,all,,336851,3.69,4.66,-2.69,
unseen,landes-de-gascogne-260cd5,meta_v2 matched,all,,336851,3.51,4.7,-2.62,
unseen,landes-de-gascogne-260cd5,blend,all,,336851,3.64,4.64,-2.98,
unseen,landes-de-gascogne-260cd5,table,all,,336851,3.66,4.7,-2.97,
unseen,marseille-to-aix-en-provence-ae68d3,meta_v2 raw,all,,205499,2.54,3.47,-2.17,
unseen,marseille-to-aix-en-provence-ae68d3,eth raw,all,,205499,5.28,6.38,4.39,
unseen,marseille-to-aix-en-provence-ae68d3,meta_v2 calibrated,all,,205499,2.08,2.91,0.23,
unseen,marseille-to-aix-en-provence-ae68d3,eth calibrated,all,,205499,3.16,4.39,-0.53,
unseen,marseille-to-aix-en-provence-ae68d3,meta_v2 matched,all,,205499,2.0,2.83,0.31,
unseen,marseille-to-aix-en-provence-ae68d3,blend,all,,205499,1.89,2.7,0.05,
unseen,marseille-to-aix-en-provence-ae68d3,table,all,,205499,2.02,2.85,0.06,
unseen,monongahela-national-forest-pocahontas-county-wv-00a5b3,meta_v2 raw,all,,143309,5.02,7.83,-4.74,
unseen,monongahela-national-forest-pocahontas-county-wv-00a5b3,eth raw,all,,143309,6.06,9.0,1.5,
unseen,monongahela-national-forest-pocahontas-county-wv-00a5b3,meta_v2 calibrated,all,,143309,3.32,6.64,-1.46,
unseen,monongahela-national-forest-pocahontas-county-wv-00a5b3,eth calibrated,all,,143309,5.43,9.3,-2.15,
unseen,monongahela-national-forest-pocahontas-county-wv-00a5b3,meta_v2 matched,all,,143309,3.79,6.86,-0.13,
unseen,monongahela-national-forest-pocahontas-county-wv-00a5b3,blend,all,,143309,3.53,6.73,-1.73,
unseen,monongahela-national-forest-pocahontas-county-wv-00a5b3,table,all,,143309,4.05,7.63,-1.1,
unseen,nimes-and-the-garrigues-of-the-gard-7e45ef,meta_v2 raw,all,,344645,2.47,3.45,-2.04,
unseen,nimes-and-the-garrigues-of-the-gard-7e45ef,eth raw,all,,344645,4.65,5.55,4.28,
unseen,nimes-and-the-garrigues-of-the-gard-7e45ef,meta_v2 calibrated,all,,344645,2.06,3.01,-0.16,
unseen,nimes-and-the-garrigues-of-the-gard-7e45ef,eth calibrated,all,,344645,2.35,3.36,-0.91,
unseen,nimes-and-the-garrigues-of-the-gard-7e45ef,meta_v2 matched,all,,344645,1.95,2.87,0.03,
unseen,nimes-and-the-garrigues-of-the-gard-7e45ef,blend,all,,344645,1.85,2.69,-0.27,
unseen,nimes-and-the-garrigues-of-the-gard-7e45ef,table,all,,344645,1.92,2.77,-0.27,
unseen,oesling-43a625,meta_v2 raw,all,,224169,3.99,5.93,-2.83,
unseen,oesling-43a625,eth raw,all,,224169,5.69,7.74,3.81,
unseen,oesling-43a625,meta_v2 calibrated,all,,224169,3.07,5.09,-0.5,
unseen,oesling-43a625,eth calibrated,all,,224169,4.44,6.53,0.08,
unseen,oesling-43a625,meta_v2 matched,all,,224169,3.18,5.13,0.18,
unseen,oesling-43a625,blend,all,,224169,2.99,4.85,-0.5,
unseen,oesling-43a625,table,all,,224169,2.96,4.89,-0.17,
unseen,ordesa-monte-perdido-119653,meta_v2 raw,all,,339465,2.45,4.39,-2.09,
unseen,ordesa-monte-perdido-119653,eth raw,all,,339465,10.43,12.05,10.07,
unseen,ordesa-monte-perdido-119653,meta_v2 calibrated,all,,339465,2.07,3.85,-0.91,
unseen,ordesa-monte-perdido-119653,eth calibrated,all,,339465,6.76,8.84,5.79,
unseen,ordesa-monte-perdido-119653,meta_v2 matched,all,,339465,2.01,3.89,-0.41,
unseen,ordesa-monte-perdido-119653,blend,all,,339465,2.0,3.54,0.3,
unseen,ordesa-monte-perdido-119653,table,all,,339465,2.03,3.64,0.33,
unseen,prince-george-s-county-suburbs-south-east-of-washington-dc-5b70dc,meta_v2 raw,all,,56287,6.93,9.2,-6.27,
unseen,prince-george-s-county-suburbs-south-east-of-washington-dc-5b70dc,eth raw,all,,56287,5.59,7.23,1.95,
unseen,prince-george-s-county-suburbs-south-east-of-washington-dc-5b70dc,meta_v2 calibrated,all,,56287,5.69,7.98,-3.42,
unseen,prince-george-s-county-suburbs-south-east-of-washington-dc-5b70dc,eth calibrated,all,,56287,5.74,7.17,-1.72,
unseen,prince-george-s-county-suburbs-south-east-of-washington-dc-5b70dc,meta_v2 matched,all,,56287,5.66,7.92,-2.47,
unseen,prince-george-s-county-suburbs-south-east-of-washington-dc-5b70dc,blend,all,,56287,5.11,7.05,-3.36,
unseen,prince-george-s-county-suburbs-south-east-of-washington-dc-5b70dc,table,all,,56287,5.09,7.13,-2.94,
unseen,rennes-and-its-bocage-25b18b,meta_v2 raw,all,,338864,1.76,3.52,-1.04,
unseen,rennes-and-its-bocage-25b18b,eth raw,all,,338864,5.42,6.99,4.45,
unseen,rennes-and-its-bocage-25b18b,meta_v2 calibrated,all,,338864,1.63,3.46,0.14,
unseen,rennes-and-its-bocage-25b18b,eth calibrated,all,,338864,3.01,4.91,0.16,
unseen,rennes-and-its-bocage-25b18b,meta_v2 matched,all,,338864,1.89,3.46,0.53,
unseen,rennes-and-its-bocage-25b18b,blend,all,,338864,1.68,3.26,0.06,
unseen,rennes-and-its-bocage-25b18b,table,all,,338864,1.67,3.32,-0.03,
unseen,ridge-and-valley-central-pennsylvania-c8118c,meta_v2 raw,all,,358963,2.8,4.41,-2.04,
unseen,ridge-and-valley-central-pennsylvania-c8118c,eth raw,all,,358963,5.81,7.06,5.28,
unseen,ridge-and-valley-central-pennsylvania-c8118c,meta_v2 calibrated,all,,358963,2.71,4.07,0.6,
unseen,ridge-and-valley-central-pennsylvania-c8118c,eth calibrated,all,,358963,3.44,4.81,1.71,
unseen,ridge-and-valley-central-pennsylvania-c8118c,meta_v2 matched,all,,358963,3.5,4.87,1.7,
unseen,ridge-and-valley-central-pennsylvania-c8118c,blend,all,,358963,2.59,3.7,0.82,
unseen,ridge-and-valley-central-pennsylvania-c8118c,table,all,,358963,3.08,4.35,1.57,
unseen,southern-high-plains-lubbock-7b59f8,meta_v2 raw,all,,97499,1.31,3.96,-1.27,
unseen,southern-high-plains-lubbock-7b59f8,eth raw,all,,97499,1.44,4.05,-1.06,
unseen,southern-high-plains-lubbock-7b59f8,meta_v2 calibrated,all,,97499,1.36,3.85,-0.72,
unseen,southern-high-plains-lubbock-7b59f8,eth calibrated,all,,97499,1.68,4.33,-1.49,
unseen,southern-high-plains-lubbock-7b59f8,meta_v2 matched,all,,97499,1.61,3.76,-0.23,
unseen,southern-high-plains-lubbock-7b59f8,blend,all,,97499,1.29,3.83,-0.87,
unseen,southern-high-plains-lubbock-7b59f8,table,all,,97499,1.31,3.87,-1.03,
unseen,ten-thousand-islands-cd0495,meta_v2 raw,all,,334516,4.0,5.12,-3.91,
unseen,ten-thousand-islands-cd0495,eth raw,all,,334516,3.35,4.23,-0.94,
unseen,ten-thousand-islands-cd0495,meta_v2 calibrated,all,,334516,2.58,3.74,-1.48,
unseen,ten-thousand-islands-cd0495,eth calibrated,all,,334516,6.49,7.98,-6.31,
unseen,ten-thousand-islands-cd0495,meta_v2 matched,all,,334516,2.56,3.66,-1.45,
unseen,ten-thousand-islands-cd0495,blend,all,,334516,2.81,3.92,-2.44,
unseen,ten-thousand-islands-cd0495,table,all,,334516,3.12,4.23,-2.71,
unseen,turnhout-and-the-kempen-92f58a,meta_v2 raw,all,,59418,1.24,2.76,0.08,
unseen,turnhout-and-the-kempen-92f58a,eth raw,all,,59418,4.23,5.78,3.7,
unseen,turnhout-and-the-kempen-92f58a,meta_v2 calibrated,all,,59418,2.03,3.78,1.4,
unseen,turnhout-and-the-kempen-92f58a,eth calibrated,all,,59418,2.18,3.73,-0.01,
unseen,turnhout-and-the-kempen-92f58a,meta_v2 matched,all,,59418,2.42,4.0,1.87,
unseen,turnhout-and-the-kempen-92f58a,blend,all,,59418,1.57,2.95,0.94,
unseen,turnhout-and-the-kempen-92f58a,table,all,,59418,1.57,3.07,0.89,
unseen,umava-4fe2ec,meta_v2 raw,all,,362030,5.74,7.84,-3.65,
unseen,umava-4fe2ec,eth raw,all,,362030,7.03,9.42,5.48,
unseen,umava-4fe2ec,meta_v2 calibrated,all,,362030,4.42,6.84,-1.14,
unseen,umava-4fe2ec,eth calibrated,all,,362030,5.46,7.72,1.31,
unseen,umava-4fe2ec,meta_v2 matched,all,,362030,4.35,6.97,-0.3,
unseen,umava-4fe2ec,blend,all,,362030,4.06,6.34,-0.56,
unseen,umava-4fe2ec,table,all,,362030,3.91,6.37,-0.02,
unseen,valais-rh-ne-e189cc,meta_v2 raw,all,,340216,3.87,6.05,-2.89,
unseen,valais-rh-ne-e189cc,eth raw,all,,340216,7.72,9.27,6.81,
unseen,valais-rh-ne-e189cc,meta_v2 calibrated,all,,340216,3.32,5.41,-1.03,
unseen,valais-rh-ne-e189cc,eth calibrated,all,,340216,4.8,6.58,2.33,
unseen,valais-rh-ne-e189cc,meta_v2 matched,all,,340216,3.45,5.63,-0.43,
unseen,valais-rh-ne-e189cc,blend,all,,340216,3.05,4.86,-0.37,
unseen,valais-rh-ne-e189cc,table,all,,340216,3.19,5.09,-0.15,
unseen,veluwe-ffed89,meta_v2 raw,all,,333330,1.59,2.92,-0.25,
unseen,veluwe-ffed89,eth raw,all,,333330,5.59,6.94,4.97,
unseen,veluwe-ffed89,meta_v2 calibrated,all,,333330,2.38,3.86,1.66,
unseen,veluwe-ffed89,eth calibrated,all,,333330,2.95,4.64,0.92,
unseen,veluwe-ffed89,meta_v2 matched,all,,333330,2.89,4.34,2.28,
unseen,veluwe-ffed89,blend,all,,333330,2.1,3.35,1.33,
unseen,veluwe-ffed89,table,all,,333330,2.23,3.64,1.47,
unseen,wadden-sea-frisian-coast-c04ad3,meta_v2 raw,all,,311300,0.27,1.05,-0.09,
unseen,wadden-sea-frisian-coast-c04ad3,eth raw,all,,311300,3.94,4.73,3.88,
unseen,wadden-sea-frisian-coast-c04ad3,meta_v2 calibrated,all,,311300,0.6,1.42,0.39,
unseen,wadden-sea-frisian-coast-c04ad3,eth calibrated,all,,311300,0.63,1.52,0.17,
unseen,wadden-sea-frisian-coast-c04ad3,meta_v2 matched,all,,311300,1.04,1.55,0.88,
unseen,wadden-sea-frisian-coast-c04ad3,blend,all,,311300,0.54,1.23,0.35,
unseen,wadden-sea-frisian-coast-c04ad3,table,all,,311300,0.42,1.2,0.2,
unseen,williamsburg-south-carolina-coastal-plain-a14f12,meta_v2 raw,all,,103871,5.13,7.26,-4.61,
unseen,williamsburg-south-carolina-coastal-plain-a14f12,eth raw,all,,103871,5.34,6.96,2.61,
unseen,williamsburg-south-carolina-coastal-plain-a14f12,meta_v2 calibrated,all,,103871,3.83,6.27,-1.56,
unseen,williamsburg-south-carolina-coastal-plain-a14f12,eth calibrated,all,,103871,5.04,6.74,-1.24,
unseen,williamsburg-south-carolina-coastal-plain-a14f12,meta_v2 matched,all,,103871,3.83,6.19,-1.32,
unseen,williamsburg-south-carolina-coastal-plain-a14f12,blend,all,,103871,3.66,5.84,-1.69,
unseen,williamsburg-south-carolina-coastal-plain-a14f12,table,all,,103871,3.8,6.0,-1.41,
unseen,ca,meta_v2 raw,all,,312806,9.14,12.13,-7.83,
unseen,ca,eth raw,all,,312806,7.64,10.04,0.15,
unseen,ca,meta_v2 calibrated,all,,312806,7.8,10.87,-5.67,
unseen,ca,eth calibrated,all,,312806,8.32,10.76,-3.93,
unseen,ca,meta_v2 matched,all,,312806,6.81,10.01,-2.79,
unseen,ca,blend,all,,312806,7.51,10.33,-5.21,
unseen,ca,table,all,,312806,8.1,11.04,-5.84,
unseen,es,meta_v2 raw,all,,67809,4.46,5.76,-3.14,
unseen,es,eth raw,all,,67809,5.95,7.27,4.87,
unseen,es,meta_v2 calibrated,all,,67809,3.4,5.05,-1.11,
unseen,es,eth calibrated,all,,67809,3.91,5.25,-0.11,
unseen,es,meta_v2 matched,all,,67809,3.33,5.03,-0.91,
unseen,es,blend,all,,67809,3.15,4.61,-1.02,
unseen,es,table,all,,67809,3.18,4.67,-1.01,
unseen,fr,meta_v2 raw,all,,336284,2.84,3.7,-1.57,
unseen,fr,eth raw,all,,336284,4.27,5.21,3.58,
unseen,fr,meta_v2 calibrated,all,,336284,2.85,3.95,1.56,
unseen,fr,eth calibrated,all,,336284,3.36,4.29,-1.75,
unseen,fr,meta_v2 matched,all,,336284,2.82,4.05,1.56,
unseen,fr,blend,all,,336284,2.36,3.28,0.86,
unseen,fr,table,all,,336284,2.49,3.44,0.94,
unseen,pt,meta_v2 raw,all,,349358,4.66,6.39,-2.18,
unseen,pt,eth raw,all,,349358,6.6,8.05,5.39,
unseen,pt,meta_v2 calibrated,all,,349358,4.54,6.33,0.21,
unseen,pt,eth calibrated,all,,349358,4.5,5.92,0.44,
unseen,pt,meta_v2 matched,all,,349358,4.49,6.32,0.38,
unseen,pt,blend,all,,349358,4.2,5.86,0.13,
unseen,pt,table,all,,349358,4.23,5.92,0.14,
pooled,all,meta_v2 raw,all,,2652842,3.7,5.92,-2.62,
pooled,all,meta_v2 raw,by_lidar,0-2,977933,0.89,3.11,0.18,-0.05
pooled,all,meta_v2 raw,by_lidar,2-5,206976,3.33,4.74,-1.08,-2.41
pooled,all,meta_v2 raw,by_lidar,5-8,166109,4.08,5.03,-2.33,-2.97
pooled,all,meta_v2 raw,by_lidar,8-12,219433,4.6,5.65,-3.09,-3.26
pooled,all,meta_v2 raw,by_lidar,12-16,223565,4.66,5.89,-3.38,-3.26
pooled,all,meta_v2 raw,by_lidar,16-20,219992,4.65,6.03,-3.72,-3.38
pooled,all,meta_v2 raw,by_lidar,20-25,258353,5.1,6.56,-4.55,-4.14
pooled,all,meta_v2 raw,by_lidar,25-35,318513,7.44,8.83,-7.2,-6.89
pooled,all,meta_v2 raw,by_lidar,35-999,61968,13.29,15.98,-13.08,-12.0
pooled,all,meta_v2 raw,by_value,0-2,1184187,1.64,3.96,-1.64,-0.25
pooled,all,meta_v2 raw,by_value,2-5,145630,4.64,6.48,-4.18,-3.27
pooled,all,meta_v2 raw,by_value,5-8,164580,4.57,6.1,-3.7,-3.22
pooled,all,meta_v2 raw,by_value,8-12,218488,4.8,6.23,-3.38,-3.27
pooled,all,meta_v2 raw,by_value,12-16,227053,5.05,6.53,-3.45,-3.4
pooled,all,meta_v2 raw,by_value,16-20,278450,5.6,7.1,-3.69,-3.88
pooled,all,meta_v2 raw,by_value,20-25,281170,6.02,7.81,-3.27,-3.88
pooled,all,meta_v2 raw,by_value,25-35,137084,6.43,9.04,-2.0,-2.86
pooled,all,meta_v2 raw,by_value,35-999,16200,7.37,9.53,-3.58,-4.16
pooled,all,eth raw,all,,2652842,5.52,7.44,3.6,
pooled,all,eth raw,by_lidar,0-2,977933,5.83,8.09,5.62,4.67
pooled,all,eth raw,by_lidar,2-5,206976,7.54,9.3,6.88,6.65
pooled,all,eth raw,by_lidar,5-8,166109,6.35,7.9,5.8,5.21
pooled,all,eth raw,by_lidar,8-12,219433,5.37,6.95,4.22,3.73
pooled,all,eth raw,by_lidar,12-16,223565,4.93,6.54,2.88,2.44
pooled,all,eth raw,by_lidar,16-20,219992,4.95,6.29,2.44,2.27
pooled,all,eth raw,by_lidar,20-25,258353,4.57,5.66,1.83,2.34
pooled,all,eth raw,by_lidar,25-35,318513,4.0,5.61,-1.42,-0.8
pooled,all,eth raw,by_lidar,35-999,61968,8.17,10.85,-7.44,-6.49
pooled,all,eth raw,by_value,0-2,342560,1.13,3.1,-0.81,-0.03
pooled,all,eth raw,by_value,2-5,207648,3.43,4.29,2.16,3.0
pooled,all,eth raw,by_value,5-8,251059,5.28,5.91,3.84,5.0
pooled,all,eth raw,by_value,8-12,367059,6.56,7.46,5.06,6.76
pooled,all,eth raw,by_value,12-16,373626,6.86,8.31,5.17,5.19
pooled,all,eth raw,by_value,16-20,284436,7.06,8.99,4.98,4.17
pooled,all,eth raw,by_value,20-25,282956,6.42,8.62,3.9,2.92
pooled,all,eth raw,by_value,25-35,502086,6.23,8.53,4.03,3.36
pooled,all,eth raw,by_value,35-999,41412,7.33,9.85,1.98,1.44
pooled,all,meta_v2 calibrated,all,,2652842,3.09,5.28,-0.57,
pooled,all,meta_v2 calibrated,by_lidar,0-2,977933,1.1,3.73,0.58,0.17
pooled,all,meta_v2 calibrated,by_lidar,2-5,206976,3.87,5.61,0.41,-2.03
pooled,all,meta_v2 calibrated,by_lidar,5-8,166109,4.08,5.41,0.09,0.29
pooled,all,meta_v2 calibrated,by_lidar,8-12,219433,4.03,5.41,-0.18,-0.02
pooled,all,meta_v2 calibrated,by_lidar,12-16,223565,3.93,5.27,-0.12,0.07
pooled,all,meta_v2 calibrated,by_lidar,16-20,219992,3.78,5.09,-0.25,0.16
pooled,all,meta_v2 calibrated,by_lidar,20-25,258353,3.54,5.01,-0.95,-0.38
pooled,all,meta_v2 calibrated,by_lidar,25-35,318513,4.6,6.3,-3.72,-3.27
pooled,all,meta_v2 calibrated,by_lidar,35-999,61968,10.6,13.71,-10.1,-8.91
pooled,all,meta_v2 calibrated,by_value,0-2,1141683,1.49,3.72,-1.31,0.0
pooled,all,meta_v2 calibrated,by_value,2-5,42504,3.5,5.24,-1.31,-0.0
pooled,all,meta_v2 calibrated,by_value,5-8,145630,3.47,5.03,-0.9,0.01
pooled,all,meta_v2 calibrated,by_value,8-12,217874,3.56,4.93,-0.42,-0.01
pooled,all,meta_v2 calibrated,by_value,12-16,222638,3.85,5.3,-0.06,0.01
pooled,all,meta_v2 calibrated,by_value,16-20,238005,4.11,5.64,0.1,0.12
pooled,all,meta_v2 calibrated,by_value,20-25,326823,4.55,6.31,0.11,-0.18
pooled,all,meta_v2 calibrated,by_value,25-35,294419,5.37,8.11,0.79,-0.02
pooled,all,meta_v2 calibrated,by_value,35-999,23266,6.64,9.02,-0.79,-1.24
pooled,all,eth calibrated,all,,2652842,4.19,6.32,-0.43,
pooled,all,eth calibrated,by_lidar,0-2,977933,2.39,5.01,2.04,0.12
pooled,all,eth calibrated,by_lidar,2-5,206976,4.41,6.34,2.05,-0.06
pooled,all,eth calibrated,by_lidar,5-8,166109,4.54,5.96,0.36,-0.98
pooled,all,eth calibrated,by_lidar,8-12,219433,5.05,6.3,-0.88,-1.78
pooled,all,eth calibrated,by_lidar,12-16,223565,5.59,6.86,-1.66,-2.17
pooled,all,eth calibrated,by_lidar,16-20,219992,5.37,6.66,-1.49,-1.21
pooled,all,eth calibrated,by_lidar,20-25,258353,4.35,5.93,-1.69,-0.69
pooled,all,eth calibrated,by_lidar,25-35,318513,5.47,7.4,-4.98,-4.21
pooled,all,eth calibrated,by_lidar,35-999,61968,11.56,13.79,-11.39,-10.38
pooled,all,eth calibrated,by_value,0-2,914109,1.75,4.22,-1.45,0.02
pooled,all,eth calibrated,by_value,2-5,218255,4.07,5.65,-1.44,-0.03
pooled,all,eth calibrated,by_value,5-8,207015,4.96,6.16,-0.66,-0.18
pooled,all,eth calibrated,by_value,8-12,261322,5.68,6.86,0.05,-0.37
pooled,all,eth calibrated,by_value,12-16,212506,6.12,7.62,0.91,0.08
pooled,all,eth calibrated,by_value,16-20,200302,5.94,7.75,0.85,-0.17
pooled,all,eth calibrated,by_value,20-25,325552,5.6,7.55,0.59,-0.2
pooled,all,eth calibrated,by_value,25-35,297075,5.64,7.83,0.43,-0.15
pooled,all,eth calibrated,by_value,35-999,16706,7.88,9.86,-4.02,-4.66
pooled,all,meta_v2 matched,all,,2652842,3.2,5.4,0.01,
pooled,all,meta_v2 matched,by_lidar,0-2,977933,1.35,3.95,1.14,0.73
pooled,all,meta_v2 matched,by_lidar,2-5,206976,3.58,5.7,0.78,-1.47
pooled,all,meta_v2 matched,by_lidar,5-8,166109,3.88,5.32,0.22,0.26
pooled,all,meta_v2 matched,by_lidar,8-12,219433,3.92,5.35,-0.19,-0.15
pooled,all,meta_v2 matched,by_lidar,12-16,223565,3.95,5.35,-0.21,-0.19
pooled,all,meta_v2 matched,by_lidar,16-20,219992,4.01,5.41,-0.2,-0.06
pooled,all,meta_v2 matched,by_lidar,20-25,258353,4.18,5.64,-0.38,-0.14
pooled,all,meta_v2 matched,by_lidar,25-35,318513,4.83,6.54,-2.04,-1.83
pooled,all,meta_v2 matched,by_lidar,35-999,61968,8.76,12.47,-6.29,-5.11
pooled,all,meta_v2 matched,by_value,0-2,1141683,1.58,3.56,-0.75,0.56
pooled,all,meta_v2 matched,by_value,2-5,42504,3.5,5.21,-1.21,0.11
pooled,all,meta_v2 matched,by_value,5-8,145630,3.47,5.03,-0.91,0.0
pooled,all,meta_v2 matched,by_value,8-12,217874,3.56,4.94,-0.55,-0.14
pooled,all,meta_v2 matched,by_value,12-16,222638,3.86,5.31,-0.31,-0.25
pooled,all,meta_v2 matched,by_value,16-20,238005,4.11,5.64,-0.11,-0.09
pooled,all,meta_v2 matched,by_value,20-25,267357,4.51,6.24,0.29,0.04
pooled,all,meta_v2 matched,by_value,25-35,312620,5.51,8.22,2.74,1.95
pooled,all,meta_v2 matched,by_value,35-999,64531,7.74,10.61,5.51,5.03
pooled,all,blend,all,,2652842,2.9,4.87,-0.59,
pooled,all,blend,by_lidar,0-2,977933,1.16,3.47,0.79,0.17
pooled,all,blend,by_lidar,2-5,206976,3.41,4.97,0.66,-1.31
pooled,all,blend,by_lidar,5-8,166109,3.72,4.86,0.21,0.29
pooled,all,blend,by_lidar,8-12,219433,3.64,4.87,-0.2,-0.01
pooled,all,blend,by_lidar,12-16,223565,3.48,4.71,-0.36,-0.24
pooled,all,blend,by_lidar,16-20,219992,3.35,4.51,-0.52,-0.31
pooled,all,blend,by_lidar,20-25,258353,3.09,4.36,-1.17,-0.76
pooled,all,blend,by_lidar,25-35,318513,4.58,5.97,-4.13,-3.77
pooled,all,blend,by_lidar,35-999,61968,10.74,13.35,-10.51,-9.38
pooled,all,blend,by_value,0-2,1099344,1.3,3.18,-0.88,0.12
pooled,all,blend,by_value,2-5,79985,3.4,5.28,-1.07,0.52
pooled,all,blend,by_value,5-8,152546,3.15,4.41,-0.48,0.14
pooled,all,blend,by_value,8-12,224373,3.38,4.57,-0.0,0.1
pooled,all,blend,by_value,12-16,228328,3.6,4.98,-0.02,-0.14
pooled,all,blend,by_value,16-20,235901,4.1,5.73,0.04,-0.24
pooled,all,blend,by_value,20-25,344436,4.31,6.0,-0.4,-0.8
pooled,all,blend,by_value,25-35,269146,5.02,7.34,-0.88,-1.37
pooled,all,blend,by_value,35-999,18783,6.96,8.89,-3.64,-4.01
pooled,all,table,all,,2652842,2.94,4.98,-0.4,
pooled,all,table,by_lidar,0-2,977933,1.1,3.55,0.66,0.06
pooled,all,table,by_lidar,2-5,206976,3.51,5.15,0.53,-1.54
pooled,all,table,by_lidar,5-8,166109,3.86,5.06,0.16,0.33
pooled,all,table,by_lidar,8-12,219433,3.86,5.14,-0.16,-0.14
pooled,all,table,by_lidar,12-16,223565,3.74,5.05,-0.18,-0.11
pooled,all,table,by_lidar,16-20,219992,3.71,4.91,-0.17,0.01
pooled,all,table,by_lidar,20-25,258353,3.4,4.69,-0.53,-0.06
pooled,all,table,by_lidar,25-35,318513,4.29,5.84,-3.13,-2.83
pooled,all,table,by_lidar,35-999,61968,10.01,13.0,-9.54,-8.41
pooled,all,table,by_value,0-2,1112020,1.32,3.27,-1.03,0.0
pooled,all,table,by_value,2-5,79840,3.68,5.98,-1.79,-0.08
pooled,all,table,by_value,5-8,129566,3.22,4.52,-0.64,-0.01
pooled,all,table,by_value,8-12,210913,3.38,4.56,-0.19,0.01
pooled,all,table,by_value,12-16,240690,3.63,4.93,0.15,0.01
pooled,all,table,by_value,16-20,199455,4.17,5.75,0.21,0.01
pooled,all,table,by_value,20-25,309570,4.31,6.03,0.31,-0.03
pooled,all,table,by_value,25-35,338023,4.86,7.2,0.57,0.04
pooled,all,table,by_value,35-999,32765,7.23,9.36,-0.31,-0.02
