kind,region,model,x_m,y
calibrated,pooled,meta_v1,0.0,1.93
calibrated,pooled,meta_v1,1.0,5.67
calibrated,pooled,meta_v1,2.0,6.68
calibrated,pooled,meta_v1,3.5,7.81
calibrated,pooled,meta_v1,5.99,9.39
calibrated,pooled,meta_v1,8.5,11.13
calibrated,pooled,meta_v1,11.87,14.061
calibrated,pooled,meta_v1,16.79,19.29
calibrated,pooled,meta_v1,21.92,33.025
calibrated,pooled,meta_v1,26.84,38.377
calibrated,pooled,meta_v1,33.56,41.786
calibrated,pooled,eth,0.17,0.92
calibrated,pooled,eth,1.38,0.96
calibrated,pooled,eth,2.43,1.055
calibrated,pooled,eth,3.95,1.11
calibrated,pooled,eth,6.27,1.53
calibrated,pooled,eth,8.92,3.177
calibrated,pooled,eth,12.29,7.23
calibrated,pooled,eth,17.03,12.329
calibrated,pooled,eth,21.97,17.71
calibrated,pooled,eth,27.32,27.417
calibrated,pooled,eth,37.83,39.45
matched,pooled,meta_v1,0.0,1.611
matched,pooled,meta_v1,1.0,4.78
matched,pooled,meta_v1,2.0,5.821
matched,pooled,meta_v1,3.5,7.132
matched,pooled,meta_v1,5.99,9.281
matched,pooled,meta_v1,8.5,11.682
matched,pooled,meta_v1,11.87,15.524
matched,pooled,meta_v1,16.79,23.077
matched,pooled,meta_v1,21.92,34.233
matched,pooled,meta_v1,26.84,41.812
matched,pooled,meta_v1,33.56,50.77
weight,pooled,meta_v1,1.56,0.0
weight,pooled,meta_v1,2.48,1.0
weight,pooled,meta_v1,4.03,0.8
weight,pooled,meta_v1,6.31,0.75
weight,pooled,meta_v1,8.72,0.6
weight,pooled,meta_v1,12.21,0.5
weight,pooled,meta_v1,17.15,0.4
weight,pooled,meta_v1,22.38,0.25
weight,pooled,meta_v1,27.49,0.15
weight,pooled,meta_v1,37.51,0.25
calibrated,ca__chm_lidar_ca__2019__src,meta_v1,0.0,3.73
calibrated,ca__chm_lidar_ca__2019__src,meta_v1,1.0,6.59
calibrated,ca__chm_lidar_ca__2019__src,meta_v1,2.0,7.025
calibrated,ca__chm_lidar_ca__2019__src,meta_v1,3.5,8.02
calibrated,ca__chm_lidar_ca__2019__src,meta_v1,5.99,11.39
calibrated,ca__chm_lidar_ca__2019__src,meta_v1,8.52,14.609
calibrated,ca__chm_lidar_ca__2019__src,meta_v1,12.2,19.161
calibrated,ca__chm_lidar_ca__2019__src,meta_v1,17.07,26.728
calibrated,ca__chm_lidar_ca__2019__src,meta_v1,22.07,35.56
calibrated,ca__chm_lidar_ca__2019__src,meta_v1,26.86,38.6
calibrated,ca__chm_lidar_ca__2019__src,meta_v1,33.56,41.8
calibrated,ca__chm_lidar_ca__2019__src,eth,0.08,8.825
calibrated,ca__chm_lidar_ca__2019__src,eth,1.42,8.825
calibrated,ca__chm_lidar_ca__2019__src,eth,2.4,8.825
calibrated,ca__chm_lidar_ca__2019__src,eth,3.99,8.825
calibrated,ca__chm_lidar_ca__2019__src,eth,6.39,8.825
calibrated,ca__chm_lidar_ca__2019__src,eth,8.69,8.825
calibrated,ca__chm_lidar_ca__2019__src,eth,12.61,8.825
calibrated,ca__chm_lidar_ca__2019__src,eth,17.6,10.83
calibrated,ca__chm_lidar_ca__2019__src,eth,22.56,18.36
calibrated,ca__chm_lidar_ca__2019__src,eth,27.43,28.714
calibrated,ca__chm_lidar_ca__2019__src,eth,37.83,39.454
matched,ca__chm_lidar_ca__2019__src,meta_v1,0.0,3.118
matched,ca__chm_lidar_ca__2019__src,meta_v1,1.0,6.005
matched,ca__chm_lidar_ca__2019__src,meta_v1,2.0,6.922
matched,ca__chm_lidar_ca__2019__src,meta_v1,3.5,8.566
matched,ca__chm_lidar_ca__2019__src,meta_v1,5.99,11.695
matched,ca__chm_lidar_ca__2019__src,meta_v1,8.52,14.56
matched,ca__chm_lidar_ca__2019__src,meta_v1,12.2,18.887
matched,ca__chm_lidar_ca__2019__src,meta_v1,17.07,27.276
matched,ca__chm_lidar_ca__2019__src,meta_v1,22.07,35.115
matched,ca__chm_lidar_ca__2019__src,meta_v1,26.86,41.887
matched,ca__chm_lidar_ca__2019__src,meta_v1,33.56,50.774
weight,ca__chm_lidar_ca__2019__src,meta_v1,6.49,1.0
weight,ca__chm_lidar_ca__2019__src,meta_v1,8.68,1.0
weight,ca__chm_lidar_ca__2019__src,meta_v1,12.42,0.75
weight,ca__chm_lidar_ca__2019__src,meta_v1,17.7,0.45
weight,ca__chm_lidar_ca__2019__src,meta_v1,22.59,0.3
weight,ca__chm_lidar_ca__2019__src,meta_v1,27.63,0.25
weight,ca__chm_lidar_ca__2019__src,meta_v1,37.55,0.25
calibrated,es__chm_ign50__2022-2025__src,meta_v1,0.0,1.9
calibrated,es__chm_ign50__2022-2025__src,meta_v1,1.0,7.3
calibrated,es__chm_ign50__2022-2025__src,meta_v1,2.0,8.66
calibrated,es__chm_ign50__2022-2025__src,meta_v1,3.5,10.249
calibrated,es__chm_ign50__2022-2025__src,meta_v1,5.98,12.27
calibrated,es__chm_ign50__2022-2025__src,meta_v1,8.5,13.737
calibrated,es__chm_ign50__2022-2025__src,meta_v1,11.85,16.28
calibrated,es__chm_ign50__2022-2025__src,meta_v1,16.56,19.301
calibrated,es__chm_ign50__2022-2025__src,meta_v1,21.21,22.911
calibrated,es__chm_ign50__2022-2025__src,meta_v1,25.88,22.911
calibrated,es__chm_ign50__2022-2025__src,eth,0.34,1.223
calibrated,es__chm_ign50__2022-2025__src,eth,1.39,1.223
calibrated,es__chm_ign50__2022-2025__src,eth,2.43,1.223
calibrated,es__chm_ign50__2022-2025__src,eth,3.96,1.223
calibrated,es__chm_ign50__2022-2025__src,eth,6.28,1.389
calibrated,es__chm_ign50__2022-2025__src,eth,8.83,1.97
calibrated,es__chm_ign50__2022-2025__src,eth,12.44,5.229
calibrated,es__chm_ign50__2022-2025__src,eth,17.22,13.045
calibrated,es__chm_ign50__2022-2025__src,eth,21.42,18.478
calibrated,es__chm_ign50__2022-2025__src,eth,25.57,18.478
matched,es__chm_ign50__2022-2025__src,meta_v1,0.0,2.025
matched,es__chm_ign50__2022-2025__src,meta_v1,1.0,6.426
matched,es__chm_ign50__2022-2025__src,meta_v1,2.0,7.57
matched,es__chm_ign50__2022-2025__src,meta_v1,3.5,9.035
matched,es__chm_ign50__2022-2025__src,meta_v1,5.98,11.342
matched,es__chm_ign50__2022-2025__src,meta_v1,8.5,13.776
matched,es__chm_ign50__2022-2025__src,meta_v1,11.85,17.182
matched,es__chm_ign50__2022-2025__src,meta_v1,16.56,22.518
matched,es__chm_ign50__2022-2025__src,meta_v1,21.21,29.577
matched,es__chm_ign50__2022-2025__src,meta_v1,25.88,37.762
weight,es__chm_ign50__2022-2025__src,meta_v1,1.67,0.0
weight,es__chm_ign50__2022-2025__src,meta_v1,2.5,0.75
weight,es__chm_ign50__2022-2025__src,meta_v1,3.89,0.65
weight,es__chm_ign50__2022-2025__src,meta_v1,6.26,0.75
weight,es__chm_ign50__2022-2025__src,meta_v1,8.72,0.75
weight,es__chm_ign50__2022-2025__src,meta_v1,12.52,0.75
weight,es__chm_ign50__2022-2025__src,meta_v1,17.1,0.75
weight,es__chm_ign50__2022-2025__src,meta_v1,20.5,1.0
calibrated,fr__chm_lidarhd__2022__src,meta_v1,0.0,2.04
calibrated,fr__chm_lidarhd__2022__src,meta_v1,1.0,5.85
calibrated,fr__chm_lidarhd__2022__src,meta_v1,2.0,6.5
calibrated,fr__chm_lidarhd__2022__src,meta_v1,3.52,7.4
calibrated,fr__chm_lidarhd__2022__src,meta_v1,6.02,8.84
calibrated,fr__chm_lidarhd__2022__src,meta_v1,8.5,10.346
calibrated,fr__chm_lidarhd__2022__src,meta_v1,11.79,12.86
calibrated,fr__chm_lidarhd__2022__src,meta_v1,16.58,16.73
calibrated,fr__chm_lidarhd__2022__src,meta_v1,21.24,18.54
calibrated,fr__chm_lidarhd__2022__src,meta_v1,25.83,18.595
calibrated,fr__chm_lidarhd__2022__src,eth,0.16,1.12
calibrated,fr__chm_lidarhd__2022__src,eth,1.39,1.145
calibrated,fr__chm_lidarhd__2022__src,eth,2.43,1.145
calibrated,fr__chm_lidarhd__2022__src,eth,3.95,1.24
calibrated,fr__chm_lidarhd__2022__src,eth,6.23,1.39
calibrated,fr__chm_lidarhd__2022__src,eth,9.01,4.81
calibrated,fr__chm_lidarhd__2022__src,eth,12.02,8.036
calibrated,fr__chm_lidarhd__2022__src,eth,17.08,13.53
calibrated,fr__chm_lidarhd__2022__src,eth,21.64,18.06
calibrated,fr__chm_lidarhd__2022__src,eth,25.5,19.94
matched,fr__chm_lidarhd__2022__src,meta_v1,0.0,2.089
matched,fr__chm_lidarhd__2022__src,meta_v1,1.0,5.151
matched,fr__chm_lidarhd__2022__src,meta_v1,2.0,5.853
matched,fr__chm_lidarhd__2022__src,meta_v1,3.52,6.775
matched,fr__chm_lidarhd__2022__src,meta_v1,6.02,8.384
matched,fr__chm_lidarhd__2022__src,meta_v1,8.5,10.351
matched,fr__chm_lidarhd__2022__src,meta_v1,11.79,14.113
matched,fr__chm_lidarhd__2022__src,meta_v1,16.58,19.282
matched,fr__chm_lidarhd__2022__src,meta_v1,21.24,23.032
matched,fr__chm_lidarhd__2022__src,meta_v1,25.83,26.869
weight,fr__chm_lidarhd__2022__src,meta_v1,1.63,0.0
weight,fr__chm_lidarhd__2022__src,meta_v1,2.53,1.0
weight,fr__chm_lidarhd__2022__src,meta_v1,4.03,0.55
weight,fr__chm_lidarhd__2022__src,meta_v1,6.46,0.7
weight,fr__chm_lidarhd__2022__src,meta_v1,8.72,0.5
weight,fr__chm_lidarhd__2022__src,meta_v1,12.22,0.35
weight,fr__chm_lidarhd__2022__src,meta_v1,16.75,0.15
calibrated,pt__chm_dgt__2024-2025__src,meta_v1,0.0,1.462
calibrated,pt__chm_dgt__2024-2025__src,meta_v1,1.0,4.869
calibrated,pt__chm_dgt__2024-2025__src,meta_v1,2.0,6.475
calibrated,pt__chm_dgt__2024-2025__src,meta_v1,3.48,8.173
calibrated,pt__chm_dgt__2024-2025__src,meta_v1,5.95,9.553
calibrated,pt__chm_dgt__2024-2025__src,meta_v1,8.49,11.248
calibrated,pt__chm_dgt__2024-2025__src,meta_v1,11.78,13.043
calibrated,pt__chm_dgt__2024-2025__src,meta_v1,16.55,14.584
calibrated,pt__chm_dgt__2024-2025__src,meta_v1,21.21,15.509
calibrated,pt__chm_dgt__2024-2025__src,meta_v1,26.11,18.203
calibrated,pt__chm_dgt__2024-2025__src,meta_v1,31.19,19.697
calibrated,pt__chm_dgt__2024-2025__src,eth,0.17,0.368
calibrated,pt__chm_dgt__2024-2025__src,eth,1.37,0.467
calibrated,pt__chm_dgt__2024-2025__src,eth,2.43,0.744
calibrated,pt__chm_dgt__2024-2025__src,eth,3.95,0.748
calibrated,pt__chm_dgt__2024-2025__src,eth,6.25,1.031
calibrated,pt__chm_dgt__2024-2025__src,eth,8.88,1.49
calibrated,pt__chm_dgt__2024-2025__src,eth,12.52,5.659
calibrated,pt__chm_dgt__2024-2025__src,eth,16.8,11.054
calibrated,pt__chm_dgt__2024-2025__src,eth,21.66,14.647
calibrated,pt__chm_dgt__2024-2025__src,eth,26.65,14.647
calibrated,pt__chm_dgt__2024-2025__src,eth,30.96,21.685
matched,pt__chm_dgt__2024-2025__src,meta_v1,0.0,1.129
matched,pt__chm_dgt__2024-2025__src,meta_v1,1.0,3.905
matched,pt__chm_dgt__2024-2025__src,meta_v1,2.0,5.204
matched,pt__chm_dgt__2024-2025__src,meta_v1,3.48,7.085
matched,pt__chm_dgt__2024-2025__src,meta_v1,5.95,9.897
matched,pt__chm_dgt__2024-2025__src,meta_v1,8.49,12.233
matched,pt__chm_dgt__2024-2025__src,meta_v1,11.78,15.205
matched,pt__chm_dgt__2024-2025__src,meta_v1,16.55,21.168
matched,pt__chm_dgt__2024-2025__src,meta_v1,21.21,27.928
matched,pt__chm_dgt__2024-2025__src,meta_v1,26.11,34.884
matched,pt__chm_dgt__2024-2025__src,meta_v1,31.19,46.346
weight,pt__chm_dgt__2024-2025__src,meta_v1,0.93,0.0
weight,pt__chm_dgt__2024-2025__src,meta_v1,1.33,0.0
weight,pt__chm_dgt__2024-2025__src,meta_v1,2.51,1.0
weight,pt__chm_dgt__2024-2025__src,meta_v1,3.97,0.65
weight,pt__chm_dgt__2024-2025__src,meta_v1,6.26,0.65
weight,pt__chm_dgt__2024-2025__src,meta_v1,8.72,0.7
weight,pt__chm_dgt__2024-2025__src,meta_v1,12.17,0.7
weight,pt__chm_dgt__2024-2025__src,meta_v1,15.9,1.0
